ticker,trailing_pe,forward_pe,peg_ratio,earnings_growth_5y,price_to_book,trailing_eps,market_cap_musd,revenue_ttm_musd,net_income_ttm_musd
A,25.4719,19.44491,2.3287317365269464,0.0834999999999999,4.7221,4.53009,32609.48,7065.0,1290.0
AAF,,32.19804,0.7365444355484386,0.43715,,,14099.54,,
AAL,,53.54599,,-999.9999,,,40613.14,,
AAPL,33.09453,31.56766,2.6866093617021276,0.1175,43.42791,7.87109,3824290.0,435617.0,117291.0
ABBV,89.98856,19.94479,1.2099998179976097,0.164833,-99999.99,2.3603,375685.1,61160.0,4186.0
ABF,,9.94192,4.33199128540305,0.0229499999999999,,,13426.33,,
ABNB,31.96761,31.06451,2.0989533783783783,0.148,9.62517,4.04034,78621.49,12241.0,2511.0
ABT,27.5222,19.93518,1.9689066666666664,0.10125,3.4219,3.73226,178494.0,44328.0,6524.0
ACGL,8.5046,10.64662,3.8023642857142863,0.0279999999999999,1.51795,11.62195,35214.01,19225.0,4359.0
ACN,15.24346,15.54109,2.0749118825100132,0.0749,3.66653,12.20392,114211.1,72110.32,7648.264
ADBE,13.4019,9.78776,0.754500674503758,0.129725,8.16545,17.15727,92941.75,24453.0,7208.0
ADI,60.81144,35.64537,2.045058519793459,0.1743,5.07693,5.77786,171535.4,11756.8,2856.514
ADM,,13.68668,,-999.9999,,,9994.722,,
ADP,18.83039,21.41453,1.7845441666666666,0.12,12.35665,10.40977,78926.35,21214.3,4235.2
ADSK,43.09013,22.03075,1.3795084533500312,0.1597,15.67408,5.22463,47502.43,7206.0,1124.0
AEE,21.37102,22.85212,2.457217204301075,0.093,2.35789,5.3493,31627.0,8799.0,1456.0
AEP,20.57848,23.18799,3.1548285714285713,0.0735,2.37937,6.66473,74549.73,21876.0,3580.0
AES,10.91667,6.68367,0.5967562500000001,0.1119999999999999,2.52592,1.32,10275.36,12233.0,939.0
AFL,16.41972,14.93422,5.635554716981132,0.0265,1.98875,6.88623,58251.82,17164.0,3646.0
AI,,28.69759,3.336929069767442,0.086,,,108432.3,,
AIG,14.34131,11.01864,0.4749413793103448,0.2319999999999999,1.01674,5.41931,41569.84,26775.0,3096.0
AIR,,25.49216,1.1968150234741783,0.213,,,135322.0,,
AIZ,11.46717,11.4377,,-999.9999,1.89348,19.47124,11116.44,12821.0,872.7
AJG,37.9422,20.4057,2.2673,0.09,2.40668,5.75586,56101.79,13942.0,1494.0
AKAM,35.63939,15.57248,2.5954133333333336,0.06,3.18678,3.07553,16137.12,4208.175,452.031
ALB,-99999.99,-638.097,,-999.9999,2.77989,-5.75529,20317.8,5142.733,-677.378
ALGN,30.83683,17.06628,1.88577679558011,0.0905,3.076,5.65979,12499.36,4034.964,410.351
ALL,5.62017,7.25154,0.5431865168539326,0.1335,1.94957,38.16965,55675.63,67685.0,10165.0
ALLE,19.66533,17.88211,1.7531480392156864,0.102,6.08954,7.43898,12602.22,4067.3,643.8
ALV,,13.43796,1.5410504587155962,0.0872,,,143912.5,,
ALW,,-99999.99,,-999.9999,,,4719.225,,
AMAT,40.75981,41.8624,4.271673469387755,0.098,14.53727,9.75986,315705.9,28214.0,7839.0
AMCR,27.30893,59.81951,6.4599902807775385,0.0926,1.6577,1.52917,19295.03,19609.0,596.0
AMD,90.86092,59.46326,1.438395258829221,0.4134,6.12269,2.60442,385803.4,34639.0,4269.0
AME,36.47706,31.7104,3.576347457340386,0.088667,5.03142,6.40101,53484.49,7401.116,1480.142
AMGN,24.97591,16.7077,3.5491662241104622,0.047075,22.12951,14.23772,191912.2,36751.0,7711.0
AMP,12.45156,11.67834,1.2164937500000002,0.096,6.31141,36.37296,41073.35,18911.0,3563.0
AMT,33.34093,34.19487,,-999.9999,22.97183,5.39667,83913.97,10644.6,2529.5
AMZN,32.57699,32.69021,1.7537666309012876,0.1864,6.09952,7.17224,2508214.0,716924.0,77670.0
ANET,53.05546,50.92221,2.943480346820809,0.173,14.83463,2.75278,183517.4,9005.7,3511.4
ANTO,,44.35839,0.9846479467258602,0.4504999999999999,,,36139.75,,
AON,19.11134,19.18372,1.8445884615384616,0.104,7.46346,17.02654,69718.41,17181.0,3695.0
AOS,17.48513,17.71895,,-999.9999,5.01601,3.84727,9299.393,3830.2,546.2
APA,9.7751,10.95401,1.2590816091954025,0.087,2.25751,3.98666,13766.21,8920.0,1434.0
APD,-99999.99,22.92953,2.915388429752066,0.07865,4.30162,-1.46466,66293.6,12208.3,-325.7
APH,41.22983,41.61528,1.0753302325581393,0.387,12.58952,3.33933,169268.0,23094.7,4270.3
APO,18.86323,13.40719,0.9576564285714284,0.14,2.82274,5.67135,61860.9,28723.0,3287.0
APP,42.66856,43.98153,,-999.9999,65.04852,9.61926,138432.4,5805.764,3285.627
APTV,79.12817,7.75162,0.5379333795975018,0.1441,1.3892,0.75978,12814.06,20398.0,165.0
ARE,-99999.99,-23.676,-3.8187096774193545,0.062,0.48493,-8.44184,7615.86,3038.949,-1437.987
ARES,59.9388,20.79819,0.8463149542217702,0.24575,12.17337,1.74845,34528.73,5601.482,383.556
ASML,,49.639,3.3539864864864866,0.148,,,479284.8,,
ATO,24.97944,23.30054,2.841529268292683,0.0819999999999999,2.22724,7.69793,31812.26,4869.341,1249.324
AUTO,,13.41923,,-999.9999,,,3896.929,,
AVB,22.80416,23.7948,5.803609756097561,0.0409999999999999,2.03293,7.38944,23441.63,3040.727,1049.326
AVGO,69.23168,35.27091,1.0048692307692308,0.351,21.04434,5.12641,1680381.0,68282.0,24972.0
AVY,19.77322,18.11106,3.1773789473684206,0.057,5.95963,8.79017,13368.95,8855.5,688.0
AWK,24.44084,24.2909,,-999.9999,2.50793,5.69743,27192.76,5140.0,1111.0
AXON,230.3652,55.56733,2.5966042056074765,0.214,8.69062,1.5251,28246.12,2779.536,124.656
AXP,20.66896,20.56697,1.418411724137931,0.145,6.51223,15.37426,217921.4,77654.0,10701.0
AZN,31.3034,-99999.99,,-999.9999,6.53257,6.54849,317295.7,58739.0,10225.0
AZO,24.84587,23.82269,2.155899547511312,0.1105,-99999.99,142.8081,58462.89,19609.79,2445.073
BAB,,23.04189,2.051815672306322,0.1123,,,6328.915,,
BABA,22.53078,19.60125,1.5769308125502817,0.1243,1.94569,5.66691,305379.5,148833.9,13585.79
BAC,13.87346,13.95626,0.9121738562091504,0.153,1.37121,3.79934,376650.3,138566.0,29055.0
BALL,18.74751,17.35315,1.3663897637795277,0.127,3.03998,3.31244,16528.11,13161.0,912.0
BARC,,10.05474,0.4839826714801444,0.20775,,,59459.47,,
BAS,,20.32394,,-0.0335,,,47821.34,,
BATS,,12.62311,3.5861107954545455,0.0352,,,94180.44,,
BAX,-99999.99,7.31903,0.5220420827389444,0.1402,1.45163,-1.7549,8931.169,11244.0,-900.0
BBOX,,17.82319,5.37652790346908,0.03315,,,4053.183,,
BBVA,,10.72406,1.1188377673448096,0.09585,,,109669.3,,
BBY,12.75723,10.20382,2.082412244897959,0.049,4.55237,5.05831,13494.03,41691.0,1069.0
BDX,25.41309,10.45222,1.7134786885245905,0.061,1.75089,6.11732,44265.96,21924.0,1757.0
BEN,23.04224,9.97292,1.5594870992963257,0.0639499999999999,1.07295,1.0867,13039.92,8846.2,562.7
BEZ,,11.75796,,-0.0443499999999999,,,7625.216,,
BG,22.63677,15.80117,3.5508247191011235,0.0445,1.49532,5.43187,23793.88,70329.0,819.0
BGEO,,8.03193,,-999.9999,,,4615.21,,
BIDU,56.24889,13.7355,,-0.08555,0.95435,1.92413,38484.99,18894.96,682.5834
BIIB,20.11261,11.86746,22.252878304894057,0.005333,1.42314,8.80592,25992.4,9890.6,1292.9
BK,17.3485,17.4438,,-999.9999,2.24165,7.41159,88492.23,25626.0,5306.0
BKG,,10.32464,,-0.0069999999999999,,,3236.981,,
BKNG,26.57613,0.7887,0.0472275449101796,0.1669999999999999,-99999.99,6.64506,139837.8,26917.0,5404.0
BKR,24.34577,25.40458,2.366893686005236,0.107333,3.32354,2.60497,62897.25,27733.0,2588.0
BLDR,21.88525,12.08927,,-0.1205,2.16507,3.89349,9425.011,15190.64,435.199
BLK,28.90129,21.17344,1.6998587026332692,0.1245599999999999,2.77914,34.65659,155793.5,24216.0,5553.0
BLND,,13.33006,,-0.1169999999999999,,,3801.602,,
BMY,17.19154,9.1248,0.1204435058078141,0.7576,6.48044,3.45926,121422.0,48194.0,7054.0
BNP,,8.74746,0.7457340153452685,0.1173,,,98582.24,,
BNZL,,13.38203,17.84270666666667,0.0075,,,7567.095,,
BR,17.13355,20.02018,,-999.9999,6.27934,9.03432,18071.53,7180.4,1067.3
BRBY,,54.12349,,-999.9999,,,4091.564,,
BRO,19.91462,15.80682,1.64654375,0.096,1.7977,3.37089,22794.61,5902.0,1041.0
BSX,32.26222,20.61149,1.4006462485644584,0.147157,3.82852,1.93911,92975.12,20075.0,2898.0
BT.A,,12.29106,,-999.9999,,,21475.28,,
BTRW,,9.95974,0.5998036735922915,0.16605,,,3712.612,,
BX,30.2271,21.90451,0.998077615313464,0.219467,10.09998,3.86739,138850.0,14450.26,3019.214
BXP,30.19302,34.64026,28.866883333333337,0.012,1.61654,1.73815,8324.856,3482.279,276.792
C,17.92173,16.85762,0.6243562962962963,0.27,1.13557,6.97031,214226.2,142864.0,13024.0
CABK,,13.09701,,-999.9999,,,73968.2,,
CAG,-99999.99,5.922,,-0.060633,0.91127,-0.09231,7439.698,11181.3,-43.3
CAH,31.03741,29.32105,2.1048851399856425,0.1393,-99999.99,6.9529,50781.2,244673.0,1662.0
CARR,36.62606,23.26884,2.6262799097065463,0.0886,3.721,1.67804,51345.73,21747.0,1455.0
CAT,41.80641,40.79541,7.785383587786258,0.0524,17.17861,18.82654,366213.7,67589.0,8884.0
CB,12.94378,13.88233,2.352937288135593,0.059,1.76544,25.72201,129343.6,59402.0,10310.0
CBOE,28.28202,28.66031,2.127193041051562,0.134733,6.00437,10.42429,30880.12,4714.2,1094.8
CBRE,36.99241,22.48848,,-999.9999,4.74543,3.85106,41760.83,40551.0,1157.0
CCEP,19.64276,20.29542,2.555036319917414,0.079433,4.79697,4.98453,43970.51,24452.19,2271.956
CCH,,19.00489,1.466426697530864,0.1296,,,16013.05,,
CCI,34.31641,105.76665,,-999.9999,-99999.99,2.5227,37776.32,4264.0,1103.0
CCL,12.31489,10.98749,0.8517434108527131,0.129,2.96004,2.26149,38490.83,26976.0,3097.0
CDNS,69.26427,39.81496,2.7813454418442194,0.14315,13.95245,4.05707,77523.77,5296.759,1108.888
CDW,15.68496,12.81805,1.8443237410071944,0.0695,6.29348,8.08099,16349.94,22424.1,1066.6
CEG,37.89815,30.20358,,-999.9999,6.02315,7.39482,101533.1,25533.0,2319.0
CF,14.87069,15.01173,,-0.083,4.24601,8.99622,20550.81,7084.0,1455.0
CFG,16.8037,16.93162,0.7298112068965517,0.2319999999999999,1.15211,3.86641,27611.85,9663.0,1688.0
CHD,31.93623,27.49943,5.514554715543346,0.049867,5.68363,3.011,22777.91,6203.2,736.8
CHRW,35.22271,34.11779,2.212094039537583,0.1542329999999999,10.92117,4.83211,20058.14,16232.76,587.081
CHTR,6.14919,6.19913,0.6887922222222223,0.09,1.7608,36.30234,31515.25,54774.0,4987.0
CI,12.58096,9.39383,1.155452644526445,0.0813,1.75872,22.13265,73416.34,274900.0,5957.0
CIEN,309.5066,91.31583,2.1113486705202313,0.4325,24.68924,1.5747,68914.77,5124.289,229.049
CINF,10.80712,22.58109,4.260583018867925,0.053,1.60127,15.17055,25524.75,11587.0,2393.0
CL,32.82216,23.38234,6.169482849604221,0.0379,1276.642,2.6214,69030.05,20382.0,2131.0
CLX,17.58425,18.14993,,-0.03095,-99999.99,6.12025,13012.54,6758.0,755.0
CMCSA,5.26631,6.72335,8.100421686746989,0.0083,1.05297,5.37568,101855.0,123708.0,19998.0
CME,26.78618,27.07013,3.2575367027677493,0.0831,3.73507,11.15986,108453.3,11951.0,4021.0
CMG,29.95442,29.65529,3.3496312109608843,0.088533,15.77799,1.14307,44594.96,11925.6,1535.761
CMI,29.78708,26.4213,2.312586433260394,0.11425,6.83276,20.51191,84473.9,33670.0,2843.0
CMS,23.63564,22.25687,3.048886301369863,0.073,2.74592,3.38218,24621.25,8539.0,1019.0
CNA,,18.4678,,-999.9999,,,9843.662,,
CNC,-99999.99,18.42854,1.2285693333333334,0.15,0.92545,-13.62218,18466.06,194777.0,-6674.0
CNP,27.49824,25.02268,2.7802977777777778,0.09,2.58326,1.60483,28868.22,9357.0,1052.0
COF,81.6817,9.83629,0.463174127807051,0.212367,1.12492,2.38401,123180.6,58696.0,1770.0
COIN,38.7481,21.52353,,-999.9999,3.06019,4.36202,44633.98,7181.325,1260.327
COO,35.37133,15.81778,1.4511724770642205,0.109,1.66693,2.02028,13942.88,4151.8,401.4
COP,19.49589,18.9802,,-0.0016669999999999,2.34577,6.33313,150491.8,58944.0,7961.0
COR,38.78546,18.29654,1.7375631528964863,0.1052999999999999,32.86936,8.31394,62728.36,325777.8,1625.216
COST,53.67134,50.6565,3.9575390625,0.128,14.27068,19.2287,457862.7,286265.0,8549.0
CPAY,20.36045,14.33046,1.0462709995838415,0.136967,5.39613,15.05713,20862.18,4528.403,1069.826
CPB,11.31213,6.74956,,-0.029767,1.54692,1.83785,6198.465,10037.0,550.0
CPRT,20.69714,22.8194,6.5198285714285715,0.035,3.24638,1.59394,31779.54,4613.517,1557.409
CPT,28.51189,41.32787,22.959927777777775,0.018,2.45862,3.53677,10560.62,1573.544,383.63
CRDA,,19.32794,2.7710308243727604,0.0697499999999999,,,4059.202,,
CRH,20.79492,20.53447,1.851620378719567,0.1109,3.21738,5.55424,77177.23,37447.0,3753.0
CRL,-99999.99,16.89053,3.624577253218883,0.0466,2.73019,-2.95626,8661.981,4015.382,-144.338
CRM,21.86793,14.52559,0.9761821236559138,0.1488,2.6837,7.81281,157694.5,41525.0,7457.0
CRWD,-99999.99,106.18812,6.280533491054266,0.1690749999999999,22.58096,-0.65462,99933.35,4812.005,-162.502
CSCO,29.95681,22.44683,3.222017598001923,0.069667,6.88218,2.77633,328512.6,59054.0,11076.0
CSGP,3002.414,44.33357,1.273221424468696,0.3482,1.87137,0.01243,15666.69,3247.0,7.0
CSX,27.54173,25.80155,4.333991231753817,0.0595329999999999,6.00771,1.54275,79031.1,14092.0,2889.0
CTAS,36.74997,46.58659,3.756983064516129,0.124,14.54825,4.73878,69675.17,11027.21,1930.821
CTEC,,16.7916,1.1937128111070825,0.140667,,,4365.557,,
CTRA,14.9166,15.05193,0.4294416547788873,0.3505,1.71484,2.24448,25423.13,7645.0,1716.0
CTSH,11.0542,11.27168,1.2094077253218884,0.0932,1.88856,5.35543,28312.22,21108.0,2620.0
CTVA,48.32991,25.24395,1.8653210968499925,0.135333,2.32629,1.72895,56098.55,17401.0,1193.0
CVNA,42.75825,63.66823,0.790762342420667,0.80515,20.74443,7.64601,71631.42,20322.0,1407.0
CVS,57.65349,11.85136,0.7674111103196855,0.154433,1.33227,1.36748,101041.7,402067.0,1768.0
CVX,28.64318,25.98594,5.774653333333333,0.045,2.03624,6.64591,379177.8,184432.0,12299.0
D,18.58972,18.727,1.7501869158878507,0.107,2.006,3.44868,56350.43,16506.0,2949.0
DAL,9.90842,11.54475,1.4222051124114568,0.081175,2.18708,6.84569,44563.91,65178.0,4477.0
DASH,72.68119,70.9368,0.4767258064516129,1.4880000000000002,6.68921,2.12641,67140.59,13717.0,935.0
DB1,,22.95944,3.461239503716099,0.066333,,,47357.46,,
DCC,,11.6764,,-999.9999,,,4331.003,,
DD,-99999.99,23.97008,,-999.9999,1.39407,-1.67206,19391.17,9395.0,-691.0
DDOG,330.3425,53.61342,4.662036521739131,0.115,10.29372,0.3299,38562.72,3427.158,107.741
DE,34.84305,36.55031,2.7141252125613553,0.1346669999999999,6.34701,17.73668,166926.3,46786.0,4814.0
DECK,15.50925,17.21936,3.421087556871238,0.0503329999999999,5.98733,7.07771,15581.85,5374.707,1039.911
DELL,20.7947,18.23462,1.1432363636363636,0.1595,-99999.99,8.72626,117177.5,113538.0,5936.0
DG,17.48487,18.46854,2.05206,0.09,3.09818,6.84878,26372.1,42724.37,1512.311
DGE,,11.92114,3.748786163522012,0.0318,,,32120.35,,
DGX,22.62517,20.16637,2.7512100954979535,0.0733,3.0349,8.74336,21895.62,11035.0,988.0
DHI,13.05022,12.23402,,-0.021,1.74017,11.01437,41641.96,33524.4,3335.1
DHR,38.35155,25.02788,3.874284829721362,0.0646,2.59688,5.03213,136578.9,24568.0,3600.0
DIS,14.70417,15.06605,1.3395973930130616,0.112467,1.65863,6.78651,176780.0,95716.0,12252.0
DLR,51.37538,51.95505,5.903982954545454,0.088,2.91251,3.66226,64651.25,6112.692,1267.865
DLTR,17.16724,17.92766,,-999.9999,5.42402,5.9765,20242.8,19411.8,1225.3
DOC,165.1494,73.84956,,-999.9999,1.54667,0.10106,11603.83,2822.512,70.514
DOV,27.40527,22.80652,1.8052701986021071,0.126333,3.97553,7.96635,29428.76,8092.571,1097.429
DOW,-99999.99,-37.243,,-0.2373,1.70434,-3.68813,27374.32,39968.0,-2634.0
DPLM,,34.01448,4.207994259770143,0.0808329999999999,,,8851.517,,
DPZ,21.22523,21.2089,2.045216972034716,0.1036999999999999,-99999.99,17.58756,12552.47,4939.994,601.704
DRI,20.70309,18.57029,1.882919138149556,0.098625,10.70352,9.48361,22487.8,12763.8,1109.9
DTE,21.18836,20.90672,2.9446084507042256,0.071,2.54941,7.12561,31408.09,15814.0,1475.0
DUK,21.0505,21.05997,3.143279104477612,0.067,2.03413,6.31814,103489.6,32237.0,4911.0
DVA,15.76657,14.21509,1.102799844840962,0.1289,-99999.99,9.55693,10065.42,13643.07,721.803
DVN,11.46384,12.10069,1.2222919191919193,0.099,1.91791,4.17661,29754.56,17188.0,2642.0
DXCM,31.79367,31.87266,1.5509810218978102,0.2055,9.20381,2.06582,25277.92,4662.0,836.3
EA,75.80643,23.90043,1.8384946153846151,0.13,8.21684,2.66732,50601.3,7306.0,680.0
EBAY,22.38182,17.47445,1.8076954907052043,0.096667,9.29912,4.27043,42819.84,11100.0,1996.0
ECL,37.44489,36.18844,2.8472415420928403,0.1271,7.86452,7.27656,76952.01,16081.2,2075.6
ED,20.33864,20.31018,3.329537704918033,0.061,1.71591,5.65328,42361.07,16917.0,2022.0
EDV,,18.93834,,-999.9999,,,21105.45,,
EFX,34.17445,23.61479,2.0357577586206896,0.1159999999999999,4.75659,5.32269,21943.43,6074.5,660.4
EG,8.86992,7.46914,0.2711121597096189,0.2755,0.88347,37.83688,13555.34,17497.0,1573.0
EIX,6.56347,12.50949,1.1801405660377358,0.106,1.70791,11.55181,29183.57,19317.0,4457.0
EL,-99999.99,32.77728,0.8635439856468028,0.379567,6.57556,-0.42347,26510.97,14668.0,-150.0
ELV,12.61875,10.39603,8.663358333333333,0.012,1.59384,25.11105,69605.21,199125.0,5662.0
EME,28.35498,31.73496,,-999.9999,9.69914,28.22785,35643.87,16986.42,1272.817
EMR,35.4712,26.47549,2.9083398328078824,0.091033,4.00969,4.07852,81304.54,18186.0,2304.0
ENI,,15.76129,0.903225787965616,0.1745,,,73973.6,,
ENT,,9.27331,0.4030121686223381,0.2301,,,3424.787,,
EOG,14.99046,13.38993,2.0135233082706767,0.0665,2.46154,9.11113,73168.06,22667.0,4980.0
EPAM,18.40177,10.82908,1.3254687882496938,0.0817,1.82796,6.73033,6533.936,5457.056,377.678
EQIX,74.96657,64.79752,7.1997244444444455,0.09,7.15788,13.7604,101737.0,9217.0,1350.0
EQR,20.58367,28.21279,,-999.9999,2.07197,2.93728,22826.5,3093.959,1118.667
EQT,17.9453,20.45892,0.5214682425388637,0.392333,1.56251,3.31396,37125.57,8644.211,2039.247
ERIE,24.05622,20.43288,,-999.9999,5.89109,10.6937,13451.57,4067.258,559.335
ES,15.47099,14.91556,2.5280610169491524,0.059,1.63566,4.56144,26523.41,13547.24,1692.371
ESS,24.04262,23.59664,9.07563076923077,0.026,2.90767,10.39945,16121.22,1887.345,669.666
ETN,38.31225,33.33944,2.4460337490829054,0.1363,7.99643,10.45201,155364.8,27448.0,4088.0
ETR,30.01945,30.04503,2.9455911764705887,0.102,3.13907,3.91213,53763.87,12946.69,1758.272
EVRG,23.05113,21.12204,3.6417310344827585,0.0579999999999999,1.90157,3.66186,19438.29,5961.6,855.6
EW,43.81255,30.65216,3.142199897488467,0.09755,4.44614,1.80656,45633.27,6067.6,1060.1
EXC,18.07513,18.27794,3.0463233333333335,0.06,1.75627,2.73525,50585.78,24258.0,2768.0
EXE,13.72851,17.79577,0.147072479338843,1.21,1.33353,7.5427,24893.24,12189.0,1819.0
EXPD,24.34351,24.58079,3.8407484375,0.064,8.23151,5.94943,19260.07,11069.01,810.332
EXPE,23.37938,15.37373,0.7904231362467866,0.1945,21.96759,9.84885,28214.88,14733.0,1294.0
EXPN,,19.63988,1.3607338585077566,0.144333,,,23290.74,,
EXR,30.33876,29.72477,11.889908,0.025,2.18824,4.58852,29400.78,3377.542,972.26
F,-99999.99,11.34594,,-0.0406,1.43297,-2.06353,49095.65,187267.0,-8182.0
FANG,33.03914,14.04068,2.808136,0.05,1.43414,5.63907,52409.73,15026.0,1656.0
FAST,44.87707,44.68104,5.7283384615384625,0.078,14.29395,1.0941,56382.93,8200.4,1258.5
FCIT,,-99999.99,,-999.9999,,,5978.725,,
FCX,43.51072,42.95133,1.3015554545454544,0.33,5.04906,1.52721,95502.05,25915.0,2185.0
FDS,13.73568,12.20965,1.2988989361702128,0.094,3.67455,15.54492,7778.774,2401.061,587.794
FDX,20.08208,21.17894,1.954227450980392,0.108375,3.02318,18.77296,89954.75,91933.0,4478.0
FE,29.41793,20.46279,3.148121538461538,0.065,2.39778,1.76457,30024.67,15090.0,1020.0
FER,,53.40729,,-0.372,,,44254.83,,
FFIV,24.38685,23.33959,4.576390196078432,0.051,4.73632,12.07987,16650.01,3144.048,705.989
FICO,39.69821,26.37897,1.193618552036199,0.221,-99999.99,27.01255,25438.43,2062.86,657.791
FIS,62.38464,7.85167,0.4922677115987461,0.1595,1.67487,0.72598,23297.34,10677.0,381.0
FISV,8.90399,6.51943,0.8395917578879588,0.07765,1.16792,6.33536,30066.47,21193.0,3480.0
FITB,14.201,14.39711,,-999.9999,1.6641,3.53637,45477.4,9903.0,2376.0
FIX,54.49034,59.99413,,-999.9999,22.61735,28.89411,55381.23,9101.641,1022.558
FOXA,15.11637,14.19556,4.980898245614035,0.0285,2.44226,4.15179,25172.13,16578.0,1891.0
FRES,,32.36932,0.475669654665687,0.6805,,,25925.92,,
FRT,23.08668,27.07015,,-999.9999,2.99915,4.6516,9277.23,1278.975,403.957
FSLR,13.88316,13.49779,0.3925602024197301,0.34384,2.21921,14.20786,21194.66,5219.376,1528.229
FTNT,33.23842,30.00186,2.469288888888889,0.1215,48.42859,2.42671,59682.23,6799.6,1853.4
FTV,31.00516,22.09383,2.3504074468085108,0.094,2.92498,1.94258,18542.36,5142.6,647.0
GAW,,41.2424,,-999.9999,,,6215.599,,
GD,22.26008,22.33189,1.69953500761035,0.1314,3.62919,15.44918,93143.89,52550.0,4210.0
GDDY,12.98091,13.33993,,-999.9999,50.7002,6.23531,10793.68,4951.1,875.0
GE,38.26674,50.04317,2.398426551641505,0.2086499999999999,17.57696,8.17995,327052.6,45854.0,8732.0
GEHC,16.01763,16.10772,2.4973209302325583,0.0645,3.20144,4.55186,33268.11,20625.0,2085.0
GEN,18.95123,7.23684,0.6348105263157895,0.114,4.77368,0.96933,11126.04,4727.0,603.0
GEV,54.26851,132.84934,1.1990012635379064,1.108,23.34138,17.8376,260258.2,38068.0,4884.0
GILD,20.94595,17.38912,0.6122929577464788,0.284,7.76732,6.78365,176365.2,29443.0,8510.0
GIS,8.96823,8.16213,,-0.020767,2.0992,4.0978,19612.79,18371.2,2214.3
GL,10.46229,10.10898,,-999.9999,1.95119,14.08774,11562.49,5994.318,1161.238
GLEN,,41.87523,3.5790794871794875,0.1169999999999999,,,65576.7,,
GLW,92.4469,67.38363,3.3441007444168735,0.2014999999999999,11.62009,1.83673,145860.7,15629.0,1596.0
GM,25.4867,7.48622,0.6805654545454546,0.11,1.1349,3.01059,69361.45,185020.0,3193.0
GNRC,77.15867,31.21274,1.95079625,0.16,4.62161,2.68719,12165.85,4209.147,159.554
GOOGL,29.47508,30.09279,1.6310455284552847,0.1845,9.27096,10.8054,3841245.0,402837.0,132170.0
GPC,235.2839,13.78977,,-999.9999,3.37776,0.4614,15103.1,24300.14,65.945
GPN,13.82063,5.33448,0.59272,0.09,0.67289,4.70818,17910.06,8309.289,1140.034
GRMN,29.85288,31.34952,3.248654922279792,0.0965,5.5071,8.59314,49377.11,7245.519,1663.887
GS,17.61511,18.55379,1.297467832167832,0.143,2.43976,51.30368,266591.9,125097.0,16300.0
GSK,,12.91526,1.9829057467029,0.065133,,,87952.61,,
GWW,32.99148,29.68349,4.301955072463768,0.069,14.87815,35.53069,55480.68,17942.0,1706.0
HAL,24.99552,16.61304,,-0.080333,3.00843,1.50787,31477.08,22184.0,1283.0
HAS,-99999.99,18.72548,,-999.9999,24.26043,-2.32568,13092.22,4701.3,-322.4
HBAN,11.93929,11.3599,0.7189810126582278,0.158,1.20349,1.38953,33795.82,10310.0,2087.0
HCA,17.86638,18.4898,1.47942070731317,0.12498,-99999.99,28.38795,113391.9,75600.0,6784.0
HD,23.86796,23.38609,12.99227222222222,0.018,26.39676,14.22744,338231.1,164683.0,14156.0
HDB,32.1265,21.09824,1.3524512820512822,0.156,3.65418,0.83358,132975.3,14420.09,4175.234
HIG,10.52224,11.16794,0.8934352,0.125,2.08528,13.34317,38731.2,28322.0,3815.0
HII,26.23507,26.71572,1.8546143700104132,0.1440499999999999,3.12022,15.37522,15883.57,12484.0,605.0
HLMA,,36.78909,3.5255476760900812,0.10435,,,15500.92,,
HLN,,19.83129,3.050967692307692,0.065,,,32486.52,,
HLT,52.67705,39.87118,3.058379804705179,0.130367,-99999.99,6.1224,73788.98,12039.0,1457.0
HON,34.33945,22.25532,3.368190692395006,0.066075,10.78603,6.87431,150057.6,37442.0,4425.0
HOOD,34.07324,34.435,1.2198016294721927,0.2823,6.91479,2.05792,63129.63,4473.0,1883.0
HPE,-99999.99,10.49806,0.6708025559105432,0.1565,1.33193,-0.20048,32945.79,35743.0,-234.0
HPQ,6.93917,5.97219,1.8375969230769231,0.0325,-99999.99,2.64873,16809.43,56229.0,2509.0
HRL,23.7755,14.42419,2.9740597938144333,0.0484999999999999,1.46451,0.88873,11627.5,12144.66,489.423
HSBA,,12.66729,1.2533556947371545,0.101067,,,228463.1,,
HSIC,23.12411,15.24505,1.7935352941176472,0.085,2.69788,3.27018,8677.248,13184.0,398.0
HST,18.06764,18.78302,,-999.9999,2.08815,1.10197,13684.81,6114.0,765.0
HSX,,13.01815,,-999.9999,,,5187.242,,
HSY,48.55961,35.20043,,-0.0391,9.22342,4.34188,42735.36,11692.58,883.259
HUBB,32.03606,29.38748,3.229393406593407,0.091,7.39968,16.68963,28350.73,5844.6,892.1
HUM,20.1177,11.55357,0.8887361538461539,0.13,1.34763,9.80828,23689.15,129664.0,1188.0
HWDN,,17.95559,2.199550426910686,0.081633,,,4484.446,,
HWM,68.4868,68.76709,2.8875536426621875,0.23815,19.06141,3.70962,101805.3,8252.0,1506.0
IAG,,6.52943,0.5202733067729083,0.1255,,,17495.66,,
IBE,,21.36003,3.0093026204564666,0.07098,,,138400.7,,
IBKR,32.47184,34.00142,2.12508875,0.16,5.97401,2.21515,122018.7,10424.0,984.0
IBM,19.22033,20.87411,2.3720579545454545,0.088,6.80694,12.34006,222483.0,67535.0,11730.0
IBN,17.32063,17.41032,,-999.9999,2.6036,1.58597,99369.17,20985.57,5727.945
ICE,28.06794,23.46575,2.2672222222222222,0.1035,3.1761,5.77064,91744.79,12640.0,3315.0
ICG,,9.36716,1.3018985406532313,0.07195,,,4712.831,,
IDXX,44.7062,45.42241,3.0484838926174493,0.149,29.03456,13.07984,46443.5,4303.702,1059.464
IEX,31.14416,25.30855,2.1090458333333335,0.12,3.69953,6.41308,14820.49,3457.5,483.2
IFF,-99999.99,17.1381,4.364504545801819,0.0392669999999999,1.32113,-1.31851,18680.17,10890.0,-335.0
IFX,,23.14749,1.017472087912088,0.2275,,,55358.0,,
IGG,,17.27954,2.742784126984127,0.063,,,4849.56,,
III,,4.1458,2.591125,0.016,,,27641.36,,
IMB,,9.00423,0.8273437284647119,0.108833,,,24072.54,,
IMI,,21.03355,3.1369947800149145,0.06705,,,6721.764,,
INCY,15.13898,14.37808,0.1283642531916793,1.1201,3.72381,6.40466,19296.45,5141.242,1286.65
INF,,14.54737,1.4540099950024987,0.10005,,,9856.727,,
INFY,18.84883,17.2973,,-999.9999,6.19874,0.73002,58353.78,18731.64,3025.635
INTC,-99999.99,182.60355,,-999.9999,2.69712,-0.08213,309896.8,52853.0,-267.0
INTU,23.47344,15.59298,1.0971699971854771,0.14212,5.26718,15.40848,100025.4,20121.0,4340.0
INVH,27.16171,29.45508,4.131147265077138,0.0713,1.66635,0.95723,15585.6,2729.296,586.964
IP,-99999.99,154.53782,3.8346853598014894,0.4029999999999999,1.30976,-5.37963,19474.5,24896.0,-2819.0
IQV,21.49659,14.19272,1.6816018957345973,0.0843999999999999,4.40704,7.86078,28366.05,16310.0,1360.0
IR,59.77499,26.49234,4.571585849870578,0.05795,3.37364,1.45596,34082.52,7650.9,581.4
IRM,224.7426,54.4812,2.7515757575757576,0.198,-99999.99,0.48362,32332.97,6901.737,144.591
ISP,,10.59468,1.8751646017699115,0.0565,,,97723.95,,
ISRG,57.75784,52.70145,3.269827826896231,0.1611749999999999,9.06358,7.87668,161580.9,10064.7,2856.0
IT,15.33549,11.55982,2.028038596491228,0.057,32.78165,9.65212,10428.05,6497.226,729.231
ITRK,,15.07204,2.209976539589442,0.0682,,,5803.229,,
ITW,26.03852,26.13512,28.002914389799635,0.009333,24.44643,10.49138,78697.17,16044.0,3066.0
IVZ,-99999.99,11.89923,0.6438977272727272,0.1848,1.0766,-1.61572,10449.07,6377.1,-726.3
J,33.19945,17.91497,1.2355151724137932,0.145,4.34066,3.82928,14931.0,12390.11,459.418
JBHT,36.65094,37.44617,2.074580055401662,0.1805,5.97591,6.145,21306.73,11999.1,598.282
JBL,39.26066,25.16143,1.3901342541436463,0.181,23.07058,7.46345,30914.38,32667.0,809.0
JCI,47.58007,30.77407,1.6793489768076395,0.18325,6.57474,2.98129,86821.59,23967.0,1913.0
JD,14.93666,10.59483,0.8756057851239669,0.121,1.17947,1.89734,45460.32,191627.6,2873.642
JKHY,22.01803,29.69028,,-999.9999,5.02436,6.96611,11069.03,2464.531,507.366
JNJ,21.85351,22.40888,3.007903355704698,0.0745,7.12572,11.04216,581222.4,94193.0,26804.0
JPM,15.50814,15.62163,1.775185227272727,0.088,2.44378,20.01078,832373.2,193341.0,55680.0
KDP,17.31766,12.89598,1.9334302848575713,0.0667,1.4068,1.52561,35895.96,16603.0,2079.0
KEY,14.23368,14.66802,,-999.9999,1.33477,1.52104,23223.82,8386.0,1685.0
KEYS,56.95058,39.91398,3.5958540540540542,0.111,8.94135,5.67053,55385.02,5677.0,981.0
KGF,,12.97561,0.9205824760553388,0.14095,,,5071.792,,
KHC,-99999.99,9.19981,,-0.0661,0.66128,-4.93983,27592.69,24942.0,-5846.0
KIM,28.26582,30.09,6.184994861253854,0.04865,1.4965,0.81618,15558.48,2140.116,551.174
KKR,39.65078,18.2091,0.8598648514641091,0.211767,2.91805,2.34119,82762.67,20453.83,2238.39
KLAC,50.25555,74.18737,6.998808490566038,0.106,41.44332,34.36954,226403.4,12744.61,4557.987
KMB,20.05216,13.17056,2.743866666666667,0.048,21.64642,4.88526,32515.45,17233.0,1628.0
KMI,24.11445,25.63166,2.537788118811881,0.1009999999999999,2.35386,1.36723,73352.28,16937.0,3039.0
KO,25.72641,26.14016,4.268966080381493,0.061233,10.45511,3.0389,336498.7,47941.0,13107.0
KR,45.68271,14.6535,2.1236956521739128,0.069,-99999.99,1.53997,43094.7,147642.0,1001.0
KVUE,22.81802,16.81459,,-0.0064,3.10245,0.76387,33464.14,15124.0,1470.0
L,13.897,-99999.99,,-999.9999,1.2224,7.9787,22815.52,18480.0,1667.0
LAND,,11.53877,1.670421413784617,0.069077,,,4351.045,,
LDOS,13.9991,13.19144,1.1371931034482758,0.1159999999999999,4.00094,11.11714,19598.26,17174.0,1448.0
LEN,-99999.99,13.03768,1.0265889763779528,0.127,1.00389,-99999.99,21956.24,-99999.99,-99999.99
LGEN,,11.95797,1.17235,0.102,,,14754.41,,
LH,26.12708,16.74233,1.8659604346614656,0.089725,2.60586,10.45888,22516.62,13951.7,876.5
LHX,41.94835,33.57343,2.4506153284671535,0.1369999999999999,3.4064,8.53359,66863.75,21865.0,1606.0
LII,21.44213,21.30559,2.278672727272727,0.0935,14.61967,22.79065,17014.8,5195.3,805.8
LIN,34.47197,30.64866,3.949569587628866,0.0776,6.10199,14.60027,233226.3,33986.0,6898.0
LLOY,,13.36788,0.8004718562874251,0.1669999999999999,,,58933.42,,
LLY,41.60855,40.09074,0.9039625704622322,0.4435,34.01031,22.95658,902481.6,65179.0,20640.0
LMP,,14.35874,4.487106249999999,0.032,,,4477.816,,
LMT,29.02996,28.27278,2.6748136234626303,0.1057,21.25669,21.49056,143778.4,75048.0,5017.0
LNT,23.45313,22.93858,3.185913888888889,0.072,2.5847,3.14329,19040.14,4363.0,810.0
LOW,20.91224,20.1757,3.635261261261262,0.0555,-99999.99,11.85,138789.3,86287.0,6636.0
LRCX,53.03263,87.13338,4.816660033167496,0.1809,31.91146,4.87926,323132.0,20560.53,6213.409
LSEG,,21.88427,1.6726873189485834,0.130833,,,44641.94,,
LULU,12.52136,12.6121,,-999.9999,4.08107,13.29808,19248.33,11102.6,1579.183
LUV,50.31911,41.47499,0.7568428832116788,0.5479999999999999,2.59761,0.7991,19746.16,28063.0,441.0
LVS,23.17972,18.64923,2.032990308831064,0.091733,23.1283,2.35033,36153.92,13017.0,1627.0
LW,19.42958,7.49082,,-0.013,3.16509,2.14158,5745.209,6518.0,300.3
LYB,-99999.99,32.76065,,-0.0646,2.30877,-2.48174,23283.22,30153.0,-799.0
LYV,-99999.99,12988.88889,1794.0454267955802,0.0724,142.17,-0.24915,38029.39,25201.41,-54.829
MA,30.47219,30.51847,1.997608901980036,0.152775,58.25193,16.52556,449089.9,32791.0,14968.0
MAA,33.19636,29.47443,,-0.002,2.58342,3.78415,14615.59,2209.126,442.985
MAR,37.16762,34.98444,3.3801391304347828,0.1035,-99999.99,9.49563,93502.45,26186.0,2601.0
MAS,16.45448,16.1251,2.7377079796264856,0.0588999999999999,-99999.99,3.85427,12912.76,7562.0,810.0
MC,,21.96757,4.785962962962963,0.0458999999999999,,,240855.6,,
MCD,25.8964,25.52358,3.451931295645118,0.07394,-99999.99,11.9534,220036.7,26886.0,8563.0
MCHP,-99999.99,48.35359,1.6280670033670033,0.297,5.87456,-0.28775,38539.67,4372.4,-154.4
MCK,25.12922,22.57532,1.6162749239305532,0.139675,-99999.99,34.75755,106984.2,397958.0,4340.0
MCO,32.05467,29.82854,2.0507762117566175,0.14545,19.19164,13.67102,78004.86,7718.0,2459.0
MDLZ,31.27249,20.40119,15.897444089456869,0.012833,2.93089,1.88952,75839.45,38537.0,2451.0
MDT,24.54777,15.58246,2.371759512937595,0.0657,2.30317,3.58118,112866.3,35483.0,4613.0
MET,15.84603,8.56835,0.7450739130434784,0.115,1.72268,4.71096,48675.82,76989.0,3173.0
META,21.49769,25.42041,2.087918685831622,0.12175,7.3182,29.23058,1589547.0,200965.0,75206.0
MGM,50.83906,17.40914,1.9783113636363636,0.088,3.92601,0.72641,9448.417,17537.68,211.09
MKC,8.43255,17.05061,3.191026144891733,0.053433,1.98032,6.10017,13833.6,7108.7,1643.3
MKS,,15.86418,2.744667820069204,0.0578,,,7594.875,,
MLM,36.46422,32.95192,3.7875770114942537,0.087,3.76034,17.1538,37725.18,6543.0,1038.0
MMM,25.1017,18.72566,2.0910843104410946,0.08955,16.97299,5.99561,78620.63,24948.0,3250.0
MNDI,,13.77597,,-999.9999,,,3770.162,,
MNG,,11.42891,,-999.9999,,,7029.521,,
MNST,39.36145,38.26336,2.276226055919096,0.1681,9.02853,1.93565,74506.66,8294.343,1905.432
MO,16.38699,12.42975,3.8245384615384617,0.0325,-99999.99,4.11668,112746.8,23279.0,6926.0
MOH,16.99373,10.39539,,-999.9999,1.81803,8.5355,7555.81,45426.0,472.0
MOS,14.96985,9.52471,0.8738266055045872,0.109,0.66371,1.68806,8023.358,12052.4,540.7
MPC,18.10333,24.06444,,-999.9999,4.11303,13.33456,71091.55,135049.0,4043.0
MPWR,103.7831,75.45028,4.013312765957447,0.188,18.4024,12.85576,65533.73,2790.459,621.483
MRK,16.86073,13.67914,1.2511446681239884,0.1093329999999999,5.77096,7.27608,303004.8,65011.0,18254.0
MRNA,-99999.99,-6.03455,,-999.9999,2.22143,-7.26179,19341.54,1944.0,-2822.0
MRO,,16.87692,0.8392302337145698,0.2011,,,6664.774,,
MRSH,20.56146,18.04331,2.55933475177305,0.0705,5.5595,8.42061,83643.23,26981.0,4160.0
MS,17.45659,17.9798,1.257328671328671,0.143,2.76789,10.20589,281739.9,119662.0,16249.0
MSCI,34.79463,31.78618,2.605424590163935,0.122,-99999.99,15.68863,39914.86,3134.459,1202.305
MSFT,23.34249,31.63353,1.876993229812559,0.168533,7.0906,15.98244,2770280.0,305453.0,119262.0
MSI,34.70357,29.19366,3.208094505494506,0.091,30.42417,12.75085,73545.1,11682.0,2154.0
MTB,13.08097,13.29355,1.0896352459016394,0.122,1.28524,17.0469,33225.57,10486.0,2698.0
MTCH,13.59716,14.61013,1.2249935019745612,0.119267,-99999.99,2.38947,7558.619,3487.197,613.446
MTD,30.15435,30.09151,3.924962500163043,0.076667,-99999.99,42.11664,25715.6,4026.399,869.193
MU,19.9001,12.80668,0.154167328758878,0.8306999999999999,6.56183,21.1813,475351.2,58119.0,24111.0
MUV2,,11.38611,1.3885500000000002,0.0819999999999999,,,72508.02,,
NCLH,23.40745,9.62438,0.5317337016574586,0.181,4.11195,0.85272,9092.691,9827.592,423.246
NDAQ,27.24449,24.79171,1.5389019242706392,0.1611,3.92498,3.0909,47868.66,8262.0,1788.0
NDSN,29.85709,24.53092,1.886993846153846,0.13,4.9517,9.25241,15410.22,2845.728,523.204
NEE,28.629,25.65579,3.2997800643086816,0.07775,3.6039,3.30015,197019.4,27413.0,6834.0
NEM,18.63293,18.69933,0.4850669260700389,0.3854999999999999,3.82679,6.38708,128522.8,22669.0,7085.0
NFLX,40.38098,40.02275,1.7651929802895918,0.226733,16.18876,2.52718,430871.7,45183.04,10981.2
NI,24.81416,25.71899,3.1949055900621115,0.0805,2.4539,1.95332,23234.47,6642.2,926.9
NKE,28.94527,26.712,2.244705882352941,0.119,4.62172,1.52011,65159.03,46523.0,2250.0
NOC,23.71152,26.50706,4.417843333333333,0.06,5.88095,29.12382,98083.84,41954.0,4182.0
NOW,53.78585,25.20558,1.1809598328281008,0.2134329999999999,7.25517,1.66977,93057.23,13278.0,1748.0
NRG,41.01022,20.18163,1.37821597590707,0.146433,29.87306,3.94487,34358.22,30713.0,797.0
NSC,23.18168,24.38763,3.8496653512233623,0.06335,4.26265,12.73851,72297.0,12180.0,2870.0
NTAP,16.00323,12.08901,1.6907706293706293,0.0715,16.35808,5.97817,18878.6,6709.0,1212.0
NTES,14.74364,12.61384,,-999.9999,3.05798,7.68128,71709.7,16486.49,4941.857
NTRS,17.45272,17.79859,1.412586507936508,0.126,2.35573,8.74534,28285.53,13607.6,1679.2
NUE,24.42317,22.62666,1.41416625,0.16,2.00646,7.53383,41903.36,32494.0,1737.0
NVDA,37.51925,39.32306,0.8494936271332901,0.4629,28.4167,4.90175,4469013.0,215938.0,120067.0
NVR,15.54635,16.10677,8.948205555555555,0.018,4.92445,437.3214,18887.74,10443.29,1339.816
NWG,,9.72006,0.7253776119402985,0.134,,,48301.85,,
NWSA,31.671,25.711,2.2652863436123347,0.1134999999999999,1.55962,0.77642,14362.18,8624.0,439.0
NXPI,25.88284,17.4554,2.1190166919575115,0.082375,5.1715,7.94619,51971.34,12269.0,2021.0
NXT,,18.3819,1.829044776119403,0.1005,,,16241.26,,
O,54.28341,49.47162,16.7700406779661,0.0295,1.49668,1.16426,58930.88,5749.377,1058.59
ODFL,43.31099,43.56053,8.908083844580778,0.0489,10.13502,4.83711,43665.17,5496.389,1023.703
OKE,15.92426,15.85619,3.4469978260869567,0.046,2.41353,5.41187,54296.04,33629.0,3393.0
OMC,151.4318,8.85536,1.1728953642384106,0.0755,1.94632,0.49448,21339.97,17271.9,-54.5
ON,206.7186,29.39107,3.701646095717884,0.0794,3.54121,0.33132,26938.99,5995.4,121.0
OR,,28.28496,7.1516965865992415,0.03955,,,192669.0,,
ORCL,24.66842,19.70618,1.012910819840658,0.1945499999999999,12.47511,5.89985,418579.8,64077.0,17146.0
ORLY,31.82062,31.73536,3.3405642105263156,0.095,-99999.99,2.96663,78984.43,17781.99,2538.209
OTIS,23.16438,20.22754,2.6116901226597804,0.07745,-99999.99,3.50754,31583.56,14431.0,1384.0
OXY,43.20641,25.58018,,-999.9999,2.07994,1.35466,58043.92,21593.0,1350.0
PANW,92.46657,43.33351,3.067489930415454,0.141267,12.49803,1.80595,135428.9,9893.3,1281.9
PAYC,14.21725,12.38541,1.0561718130420323,0.117267,3.63456,8.07751,5467.954,2051.7,453.4
PAYX,19.36744,18.67812,,-999.9999,7.84339,4.53648,31479.44,6333.8,1636.7
PCAR,28.16967,23.21354,,-0.065,3.46512,4.51017,66861.71,28444.8,2375.8
PCG,15.99457,12.41503,0.9892454183266932,0.1255,1.32256,1.16477,40948.14,24935.0,2593.0
PCT,,-99999.99,,-999.9999,,,6016.697,,
PDD,10.26911,9.11314,,-999.9999,2.30522,9.79345,142773.8,63214.82,14545.26
PEG,19.89683,20.77218,2.3252527061668142,0.089333,2.46126,4.21826,41859.24,12168.0,2111.0
PEP,26.24868,19.25376,5.393210084033614,0.0356999999999999,10.55027,5.99992,215279.5,93925.0,8240.0
PFE,20.08708,8.72324,,-0.006,1.78978,1.3551,154837.0,62579.0,7745.0
PFG,17.4927,11.11847,0.8027776173285199,0.1384999999999999,1.68872,5.27763,19982.6,16006.6,1185.1
PG,21.73088,20.89769,4.8655855646100115,0.04295,6.52022,6.74892,340837.9,85259.0,16160.0
PGR,10.39256,11.15831,1.4779218543046355,0.0755,3.86273,19.23299,116922.4,87637.0,11308.0
PH,35.85626,32.42875,3.5832872928176793,0.0905,8.66839,27.41474,124069.6,20461.42,3537.038
PHM,10.99339,10.61513,3.5383766666666667,0.03,1.81409,11.1185,23417.95,17311.95,2218.731
PKG,24.26105,20.9231,1.7882991452991457,0.1169999999999999,4.03747,8.57836,18528.5,8989.3,768.8
PLD,38.83064,50.89796,1.7430808219178082,0.292,2.41377,3.55441,128666.5,8790.127,3322.349
PLTR,206.2105,180.584,3.6704065040650407,0.492,42.23844,0.6328,311958.6,4475.446,1625.033
PM,22.19772,21.65476,1.8819261821373632,0.115067,-99999.99,7.26426,251313.0,40648.0,11316.0
PNC,13.43495,14.09529,,-999.9999,1.43851,16.61562,90044.49,25307.0,6576.0
PNR,23.04631,18.47178,1.6551774193548383,0.1116,3.81554,3.92514,14618.59,4176.0,649.5
PNW,20.66099,21.74456,,-999.9999,1.79216,5.05542,12641.13,5339.939,616.531
PODD,56.96624,40.8614,1.3711879194630874,0.298,9.26435,3.50067,13812.57,2708.2,247.1
POOL,19.7123,19.52895,4.0685312499999995,0.048,6.58919,10.83131,7835.942,5289.396,404.419
PPG,15.86351,14.33069,2.985560416666667,0.048,3.08651,6.91524,24550.71,15875.0,1571.0
PPL,25.05239,21.94598,3.0062986301369863,0.073,2.0092,1.58907,29943.69,9042.0,1181.0
PRU,,13.859,0.9970503597122302,0.139,,,28213.2,,
PSA,32.53397,32.61672,10.87224,0.03,10.50788,9.01427,51481.29,4824.113,1585.585
PSKY,-99999.99,15.21739,0.2915208812260536,0.522,1.02812,-0.44041,12062.39,28891.0,-621.0
PSN,,12.12683,1.6889735376044568,0.0718,,,3699.293,,
PSON,,16.24526,2.225378082191781,0.073,,,6185.872,,
PSX,14.9559,25.16208,1.0528066945606696,0.239,2.22086,10.76966,64586.27,132376.0,4394.0
PTC,20.50183,17.86388,1.621777576032683,0.11015,4.30681,6.78915,16563.07,2859.923,818.283
PWR,85.6806,54.86008,3.03094364640884,0.181,9.74051,6.79337,87087.48,28479.7,1028.378
PYPL,8.4821,8.58124,0.7078303762176964,0.121233,2.08835,5.42083,41367.01,33172.0,5233.0
Q,-99999.99,55.84315,,-999.9999,3.83578,-99999.99,27202.27,-99999.99,-99999.99
QCOM,26.39245,10.55201,2.0799105118956103,0.050733,5.9465,4.8404,136309.3,44867.0,5365.0
RACE,,33.66511,3.4658063519843516,0.097135,,,58244.92,,
RCL,17.64748,17.63585,0.8709061728395062,0.2025,7.4332,15.63339,74636.05,17935.0,4269.0
REG,27.81239,34.53367,6.166726785714286,0.0559999999999999,2.13887,2.81709,14344.58,1553.524,513.81
REGN,18.2982,17.76941,1.974378888888889,0.09,2.5966,41.96314,81176.95,14342.9,4549.4
REL,,19.23435,2.1619645486528714,0.0889669999999999,,,44351.29,,
RF,12.22467,12.03249,,-999.9999,1.38092,2.30272,24049.0,7073.0,2061.0
RHM,,57.3925,,-999.9999,,,72173.29,,
RIO,,15.22823,3.310484782608696,0.046,,,124167.2,,
RJF,14.50005,12.28531,,-999.9999,2.33675,10.21652,29197.07,16053.0,2090.0
RKT,,14.79408,3.1611282051282052,0.0467999999999999,,,33311.28,,
RL,26.21723,25.20962,1.8627843910945592,0.135333,8.08042,14.69034,23314.99,7833.1,918.5
RMD,22.53604,29.4864,1.6381333333333332,0.18,5.25369,10.11624,33211.76,5398.119,1485.875
RMV,,15.0026,1.5972957146659568,0.093925,,,3281.752,,
ROK,45.17247,32.92644,2.8196480411046885,0.116775,11.84911,8.74205,44370.14,8566.0,988.0
ROL,51.28842,48.96007,3.3534294520547947,0.146,19.53386,1.08777,26890.16,3761.05,526.705
ROP,24.64558,17.52221,2.19027625,0.08,1.87598,14.19646,35818.2,7902.5,1536.3
ROST,33.99609,34.79855,5.437273437499999,0.064,11.71662,6.61576,72454.34,22750.56,2145.044
RSG,31.66959,31.43197,3.975358872854667,0.079067,5.58456,6.852,67043.49,16591.0,2139.0
RTO,,22.5463,2.2278952569169963,0.1012,,,12478.48,,
RTX,40.94435,32.8128,3.20281112737921,0.1024499999999999,4.18024,4.96259,273488.5,88603.0,6732.0
RVTY,43.66715,18.412,3.043305785123967,0.0605,1.40089,2.07158,10113.73,2856.051,239.883
SANTANDER,,11.57236,0.8236555160142348,0.1405,,,152005.1,,
SAP,,22.89926,0.9367014770909776,0.244467,,,171376.3,,
SBAC,22.26936,22.18927,2.77365875,0.08,-99999.99,9.80989,23110.58,2815.139,1053.632
SBRY,,15.34148,3.0992888888888888,0.0495,,,8025.608,,
SBUX,80.73774,26.96567,1.3176481798192037,0.20465,-99999.99,1.20043,110421.0,37701.7,1369.0
SCHW,20.82267,20.06063,0.7866913725490196,0.255,4.00901,4.67135,169064.9,27675.0,8417.0
SDLF,,12.53944,0.6339453993933266,0.1978,,,7119.692,,
SDR,,18.16026,,-999.9999,,,9374.34,,
SGE,,16.94578,1.2555498751546674,0.134967,,,7744.88,,
SGRO,,19.42615,3.725052732502397,0.05215,,,9541.309,,
SHEL,,14.23976,1.5821955555555556,0.09,,,193500.2,,
SHW,32.72149,29.52303,4.483375854214123,0.06585,18.08512,10.26023,83046.96,23574.3,2568.5
SIE,,21.0014,,-0.03,,,177318.5,,
SJM,-99999.99,10.27913,6.082325443786982,0.0169,1.8843,-11.78815,9861.771,8926.6,-1255.7
SLB,22.22852,18.14477,,-0.001,3.0091,2.36363,78869.55,35709.0,3374.0
SMCI,17.70033,10.90294,0.3249758569299553,0.3354999999999999,1.98899,1.31184,13943.19,28057.11,872.78
SMIN,,23.9056,1.7449343065693432,0.1369999999999999,,,7627.421,,
SMT,,-99999.99,,-999.9999,,,14711.59,,
SNA,19.98987,20.03686,4.887039024390244,0.0409999999999999,3.35573,19.19872,19978.57,5156.1,1016.9
SNDK,-99999.99,68.2397,0.6783270377733599,1.006,12.34039,-7.52643,125692.6,8929.0,-1031.0
SNPS,62.64921,28.20111,2.1576977811782707,0.1307,2.53763,6.46329,77567.3,8007.661,1105.395
SO,24.91448,22.73977,3.3440838235294117,0.068,2.97788,3.917,110013.6,29552.0,4341.0
SOLV,7.45825,10.98733,6.86708125,0.016,2.27404,8.8734,11475.96,8325.0,1556.0
SPG,14.03842,30.07406,4.080605156037992,0.0737,12.52169,14.17325,64635.04,6364.505,4624.275
SPGI,28.94343,23.81011,1.9326387987012987,0.1232,4.17136,14.66032,128627.0,15336.0,4472.0
SPX,,25.14717,4.007517131474104,0.06275,,,5405.543,,
SRE,36.29596,21.80376,3.2373808463251668,0.06735,2.06083,2.74824,65169.92,13702.0,1796.0
SSE,,18.45963,1.9822421476510068,0.093125,,,33425.87,,
STAN,,-99999.99,,-999.9999,,,403527.7,,
STE,31.1404,21.9251,,-999.9999,3.06798,7.1852,21944.29,5828.131,708.658
STJ,,14.93764,1.920005141388175,0.0778,,,6542.607,,
STLD,23.75184,22.89515,,-999.9999,3.07447,7.99938,27497.22,18176.58,1185.595
STT,14.65669,13.73064,1.0481404580152671,0.131,1.59169,9.44893,38366.6,11648.0,2717.0
STX,56.56501,43.48321,0.3826568398820785,1.13635,237.9543,8.853,112185.2,10058.0,1970.0
STZ,25.71259,14.02415,,-0.022267,3.66678,6.34203,28278.1,9383.0,1109.6
SU,,30.11276,3.9337374265186154,0.07655,,,147801.1,,
SVT,,18.7075,,-999.9999,,,9791.435,,
SW,31.74531,14.29361,3.555624378109453,0.0401999999999999,1.20097,1.32744,22092.05,31179.0,699.0
SWK,27.75353,16.14804,1.616420420420421,0.0999,1.2573,2.64579,11402.68,15130.4,401.9
SWKS,21.73687,12.29993,,-0.071,1.47222,2.60203,8506.958,4053.8,394.3
SYF,7.80677,7.95064,0.9815604938271604,0.081,1.61825,9.28553,25197.25,22601.0,3469.0
SYK,40.38184,25.01475,2.326953488372093,0.1075,5.78595,8.39833,129885.3,25116.0,3246.0
SYY,20.16831,17.47326,2.7749868978988994,0.062967,15.73138,3.71821,35858.59,82646.0,1797.0
T,8.79818,13.09396,1.49931411951954,0.087333,1.70887,3.05063,187400.8,125648.0,21889.0
TAP,-99999.99,8.24081,,-0.02245,0.8333,-10.84867,7970.31,11140.8,-2139.6
TDG,39.41338,31.69872,2.4920377358490566,0.1272,-99999.99,31.09401,69209.48,9109.0,1808.0
TDY,34.69861,30.40733,4.538407462686568,0.067,2.8772,18.87626,30336.89,6115.4,894.8
TECH,109.4867,31.19632,3.0785943374813733,0.101333,4.30749,0.50755,8694.109,1215.577,79.959
TEL,32.86741,30.44746,2.4488639379730244,0.1243329999999999,5.17063,6.95613,67087.88,18095.0,2066.0
TER,104.5688,103.28682,5.905478559176673,0.1748999999999999,20.334,3.48297,57020.51,3190.024,554.046
TFC,13.20591,12.67959,1.083725641025641,0.1169999999999999,1.05735,3.82253,62646.17,24542.0,4974.0
TGT,15.2543,17.04224,,-0.0265,3.47453,8.13082,56167.68,104780.0,3705.0
TJX,33.85463,35.31376,3.5431747719907296,0.0996669999999999,17.92635,4.87378,182623.8,60372.0,5494.0
TKO,84.86568,70.67494,,-999.9999,10.2256,2.32214,38256.2,3697.156,197.778
TMO,28.23481,22.00385,3.027372287880247,0.072683,3.52539,17.72493,185981.6,44556.0,6704.0
TMUS,20.33037,19.66081,1.2731623765582,0.154425,3.69345,9.7165,217662.0,88309.0,10992.0
TPL,54.20222,53.84265,,-999.9999,17.86035,6.97333,26057.84,798.19,481.376
TPR,62.98023,35.97577,3.597577,0.1,56.12495,2.4233,30900.09,7514.8,522.3
TRGP,28.79473,28.82532,1.392527536231884,0.207,17.12525,8.49982,52572.78,17028.3,1841.4
TRMB,37.18059,21.17152,2.0357230769230767,0.104,2.64541,1.75952,15303.66,3587.3,424.0
TROW,9.9688,9.46911,2.869427272727273,0.033,1.85477,9.24484,20054.56,7314.8,2036.5
TRV,11.00695,12.07794,1.9799901639344264,0.061,2.005,27.54895,64479.67,48830.0,6242.0
TSCO,,17.30376,1.5768966491392744,0.109733,,,31360.83,,
TSLA,321.3008,210.24393,,-0.0527,15.78364,1.07569,1296916.0,94827.0,3794.0
TSM,35.00536,35.30349,1.281433393829401,0.2755,11.09682,10.44097,1598250.0,120061.0,54147.47
TSN,116.356,16.90439,1.3003376923076924,0.13,1.28132,0.56224,23033.01,55281.0,200.0
TT,35.00687,35.33871,2.5785268150310103,0.13705,11.87773,13.14342,101837.0,21321.9,2955.6
TTD,22.79111,11.66252,0.6983544910179641,0.1669999999999999,3.94816,0.9043,9809.887,2896.284,443.304
TTE,,13.01086,2.224078632478633,0.0584999999999999,,,172051.7,,
TTWO,-99999.99,63.57537,,-999.9999,10.4872,-22.35721,36674.0,6559.1,-3964.9
TXN,39.46926,39.23351,4.509598850574713,0.087,11.98223,5.44677,195731.4,17682.0,4973.0
TXT,17.83923,14.96023,1.1779708661417323,0.127,2.02321,5.1241,15914.38,14799.0,923.0
TYL,44.96274,28.36064,1.9972281690140845,0.142,3.76942,7.19885,13741.41,2332.34,315.603
UAL,9.54594,9.18193,1.0032155148866428,0.091525,2.06736,10.23157,31708.51,59071.0,3353.0
UBER,15.16531,13.83836,1.1577020571724963,0.119533,5.49152,4.73515,146264.4,52017.0,10053.0
UCG,,9.81511,,-999.9999,,,100867.0,,
UDR,30.9059,58.21643,,-999.9999,3.52624,1.12794,11360.67,1712.317,372.865
UHS,8.11594,8.80569,0.6367093275488069,0.1383,1.57683,23.1495,11476.96,17364.83,1488.796
ULTA,20.70814,20.83449,2.60431125,0.08,8.39366,25.72853,23302.44,12392.82,1153.479
ULVR,,15.35832,3.968558139534884,0.0387,,,94151.0,,
UNH,23.26168,18.80956,7.311782312925171,0.0257249999999999,2.95463,13.1938,278574.8,447567.0,12056.0
UNP,20.95826,21.46104,3.0226816901408453,0.071,8.06811,11.98334,149102.3,24510.0,7138.0
UPS,15.5013,14.60555,6.730668202764977,0.0217,5.3172,6.55687,86360.75,88661.0,5572.0
URI,19.85784,17.99215,2.711703089675961,0.0663499999999999,5.3989,38.64268,48256.44,16099.0,2494.0
USB,12.19623,12.41761,1.0523398305084746,0.118,1.50065,4.61864,87438.37,30970.0,7194.0
V,28.93459,24.11492,1.8459063074096755,0.13064,15.38822,10.65472,587603.6,41391.0,20594.0
VICI,10.74264,10.24499,,-999.9999,1.0789,2.61202,29995.83,4006.116,2775.493
VLO,30.74284,23.65501,1.4164676646706589,0.1669999999999999,2.96231,7.64731,70284.01,122687.0,2338.0
VLTO,23.86506,23.32214,2.8014582582582586,0.0832499999999999,7.1696,3.75528,22007.54,5503.0,940.0
VMC,35.9701,34.77033,2.318022,0.15,4.48891,8.14621,38228.05,7941.1,1081.2
VOD,,15.97241,1.116951748251748,0.143,,,27261.61,,
VRSK,26.13509,24.51842,2.5808863157894737,0.095,75.87688,6.48209,22192.8,3072.7,908.3
VRSN,30.66571,30.4416,,-999.9999,-99999.99,8.80071,24748.0,1656.6,825.5
VRTX,29.1384,24.40927,0.0836793623585876,2.917,6.07947,15.33303,113642.8,12001.3,3953.2
VST,70.51193,29.31355,,-999.9999,19.70187,2.1663,51713.41,17738.0,752.0
VTR,156.717,188.77778,,-999.9999,3.12693,0.54206,40390.6,5833.98,251.381
VTRS,-99999.99,5.87296,,-0.0069999999999999,1.06503,-2.96021,15847.73,14299.9,-3514.9
VZ,11.76862,10.19459,6.37161875,0.016,1.92894,4.05995,199720.4,138191.0,17174.0
WAB,39.62942,30.55668,2.1073572413793102,0.145,4.14848,6.83684,46106.38,11167.0,1170.0
WAT,29.5236,24.23089,2.6568958333333335,0.0911999999999999,7.38538,10.75919,31162.06,3165.286,642.629
WBD,95.93003,75.67345,,-999.9999,1.90079,0.28698,69011.34,37296.0,727.0
WDAY,38.11444,12.49475,0.5713191586648376,0.2187,3.75366,2.96633,29056.42,9552.0,693.0
WDC,31.92103,-503.77218,,-999.9999,16.15514,10.58487,114554.1,10734.0,3952.0
WEC,24.6013,22.68352,3.0244693333333337,0.075,2.83968,4.8282,38686.6,9800.1,1557.5
WEIR,,24.85591,3.428401379310345,0.0725,,,7949.321,,
WELL,-99999.99,116.05174,5.661060487804878,0.205,3.41132,-0.69926,143974.3,10838.03,-512.198
WFC,13.73733,13.81404,0.9660167832167832,0.143,1.6171,6.26177,264505.8,87314.0,20285.0
WIT,16.53795,15.73816,,-999.9999,2.4405,0.13666,23016.5,9831.466,1434.851
WM,34.80512,31.1053,2.8657914133038513,0.10854,9.40197,6.69729,93919.14,25204.0,2708.0
WMB,34.12915,34.52494,2.249181758957655,0.1535,6.96728,2.13366,89048.45,11950.0,2615.0
WMT,47.3073,48.9611,5.828702380952381,0.084,10.32993,2.7296,1029476.0,713163.0,21893.0
WRB,15.09815,15.64297,3.160195959595959,0.0495,2.61304,4.45154,25169.53,14706.76,1779.402
WSM,21.59777,22.01445,16.934192307692307,0.013,10.91056,8.85786,22768.96,7806.816,1088.437
WTB,,12.51492,1.9843848605451344,0.063067,,,4133.151,,
WTW,17.55777,16.96707,1.571025,0.108,3.4315,16.39502,27117.3,9708.0,1605.0
WY,55.43396,166.57718,,-0.128,1.89726,0.44774,17896.28,6905.0,324.0
WYNN,33.38638,22.79028,,-0.09445,-99999.99,3.1417,10913.11,7137.924,327.334
XEL,24.17207,21.67038,2.3945171270718233,0.0905,2.18626,3.4242,51661.91,14669.0,2018.0
XOM,23.20802,22.39556,3.0678849315068493,0.073,2.49787,6.68045,644433.0,323905.0,28780.0
XYL,33.0017,25.57514,1.9841070597362296,0.1289,2.7458,3.92101,31162.94,9035.0,957.0
XYZ,29.68628,25.88357,7.169963988919667,0.0361,1.69986,2.11175,37557.33,24193.68,1305.636
YUM,27.64948,26.43703,2.4604029781293626,0.1074499999999999,-99999.99,5.8153,44405.9,8214.0,1635.0
YUMC,20.07741,20.21602,2.3210126291618827,0.0871,3.3011,2.49833,17711.32,11797.0,929.0
ZBH,26.23808,11.38748,3.1631888888888886,0.036,1.43234,3.54561,18007.73,8231.6,704.6
ZBRA,27.31231,14.22314,1.1754661157024795,0.121,3.08325,8.16738,10788.25,5396.0,419.0
ZTS,19.92534,18.94739,2.2356802359882004,0.0847499999999999,15.30683,6.02198,50457.86,9467.0,2673.0
